<?xml version="1.0" encoding="utf-8"?>
<RelativeLayout xmlns:android="http://schemas.android.com/apk/res/android"
    xmlns:app="http://schemas.android.com/apk/res-auto"
    xmlns:tools="http://schemas.android.com/tools"
    android:layout_width="match_parent"
    android:layout_height="match_parent"
    android:orientation="vertical"
    android:padding="25dp"
    android:background="@drawable/weather_bg"
    tools:context=".WeatherActivity">

    <RelativeLayout
        android:id="@+id/weatherContainer"
        android:visibility="visible"
        android:layout_width="match_parent"
        android:layout_height="match_parent">

        <LinearLayout
            android:id="@+id/weatherAddressContainer"
            android:orientation="vertical"
            android:gravity="center"
            android:layout_width="match_parent"
            android:layout_height="wrap_content">

            <TextView
                android:id="@+id/weatherAddress"
                android:textSize="24sp"
                android:text="Salt Lake City"
                android:textColor="@color/white"
                android:layout_width="wrap_content"
                android:layout_height="wrap_content">

            </TextView>
            <TextView
                android:id="@+id/updatedAddressAt"
                android:textSize="14dp"
                android:text="Updated at"
                android:textColor="@color/white"
                android:layout_width="wrap_content"
                android:layout_height="wrap_content">

            </TextView>
        </LinearLayout>
        <LinearLayout
            android:id="@+id/overviewWeatherContainer"
            android:orientation="vertical"
            android:layout_centerInParent="true"
            android:layout_width="match_parent"
            android:layout_height="wrap_content">

            <TextView
                android:id="@+id/statusWeather"
                android:textSize="18sp"
                android:layout_gravity="center"
                android:text="Air Fair"
                android:textColor="@color/white"
                android:layout_width="wrap_content"
                android:layout_height="wrap_content">

            </TextView>
            <TextView
                android:id="@+id/tempWeather"
                android:textSize="90sp"
                android:fontFamily="sans-serif-thin"
                android:layout_gravity="center"
                android:textColor="@color/white"
                android:text="75°F"
                android:layout_width="wrap_content"
                android:layout_height="wrap_content">

            </TextView>
            <LinearLayout
                android:orientation="horizontal"
                android:gravity="center"
                android:layout_width="match_parent"
                android:layout_height="wrap_content">
                <TextView
                    android:id="@+id/temp_minWeather"
                    android:text="61°F"
                    android:textColor="@color/white"
                    android:layout_width="wrap_content"
                    android:layout_height="wrap_content">

                </TextView>

                <Space
                    android:layout_width="50dp"
                    android:layout_height="wrap_content"></Space>

                <TextView
                    android:id="@+id/temp_maxWeather"
                    android:text="88°F"
                    android:textColor="@color/white"
                    android:layout_width="wrap_content"
                    android:layout_height="wrap_content">

                </TextView>
            </LinearLayout>

        </LinearLayout>
        <LinearLayout
            android:id="@+id/detailInfoContainerWeather"
            android:orientation="vertical"
            android:layout_alignParentBottom="true"
            android:layout_width="match_parent"
            android:layout_height="wrap_content">
            <LinearLayout
                android:orientation="horizontal"
                android:weightSum="3"
                android:layout_width="match_parent"
                android:layout_height="wrap_content">
                <LinearLayout
                    android:orientation="vertical"
                    android:layout_weight="1"
                    android:gravity="center"
                    android:padding="8dp"
                    android:background="#0f3460"
                    android:layout_width="0dp"
                    android:layout_height="wrap_content">
                    <ImageView
                        android:layout_width="25dp"
                        android:layout_height="25dp"
                        android:src="@drawable/sunrise"
                        android:tint="@color/white">

                    </ImageView>
                    <Space
                        android:layout_width="wrap_content"
                        android:layout_height="5dp">

                    </Space>
                    <TextView
                        android:textSize="12sp"
                        android:text="Sunrise"
                        android:textColor="@color/white"
                        android:layout_width="wrap_content"
                        android:layout_height="wrap_content">

                    </TextView>
                    <TextView
                        android:id="@+id/sunriseWeather"
                        android:textSize="14sp"
                        android:text="5:30 am"
                        android:textColor="@color/white"
                        android:layout_width="wrap_content"
                        android:layout_height="wrap_content">

                    </TextView>
                </LinearLayout>
                <Space
                    android:layout_width="10dp"
                    android:layout_height="wrap_content"></Space>
                <LinearLayout
                    android:orientation="vertical"
                    android:layout_weight="1"
                    android:gravity="center"
                    android:padding="8dp"
                    android:background="#0f3460"
                    android:layout_width="0dp"
                    android:layout_height="wrap_content">
                    <ImageView
                        android:layout_width="25dp"
                        android:layout_height="25dp"
                        android:src="@drawable/sunset"
                        android:tint="@color/white">

                    </ImageView>
                    <Space
                        android:layout_width="wrap_content"
                        android:layout_height="5dp">

                    </Space>
                    <TextView
                        android:textSize="12sp"
                        android:text="Sunset"
                        android:textColor="@color/white"
                        android:layout_width="wrap_content"
                        android:layout_height="wrap_content">

                    </TextView>
                    <TextView
                        android:id="@+id/sunsetWeather"
                        android:textSize="14sp"
                        android:text="7:30 pm"
                        android:textColor="@color/white"
                        android:layout_width="wrap_content"
                        android:layout_height="wrap_content">

                    </TextView>
                </LinearLayout>
                <Space
                    android:layout_width="10dp"
                    android:layout_height="wrap_content"></Space>
                <LinearLayout
                    android:orientation="vertical"
                    android:layout_weight="1"
                    android:gravity="center"
                    android:padding="8dp"
                    android:background="#0f3460"
                    android:layout_width="0dp"
                    android:layout_height="wrap_content">
                    <ImageView
                        android:layout_width="25dp"
                        android:layout_height="25dp"
                        android:src="@drawable/wind"
                        android:tint="@color/white">

                    </ImageView>
                    <Space
                        android:layout_width="wrap_content"
                        android:layout_height="5dp">

                    </Space>
                    <TextView
                        android:textSize="12sp"
                        android:text="Wind"
                        android:textColor="@color/white"
                        android:layout_width="wrap_content"
                        android:layout_height="wrap_content">

                    </TextView>
                    <TextView
                        android:id="@+id/windWeather"
                        android:textSize="14sp"
                        android:text="7 mph"
                        android:textColor="@color/white"
                        android:layout_width="wrap_content"
                        android:layout_height="wrap_content">

                    </TextView>
                </LinearLayout>
                <Space
                    android:layout_width="10dp"
                    android:layout_height="wrap_content"></Space>
            </LinearLayout>
            <Space
                android:layout_width="wrap_content"
                android:layout_height="10sp"></Space>
            <LinearLayout
                android:orientation="horizontal"
                android:weightSum="3"
                android:layout_width="match_parent"
                android:layout_height="wrap_content">
                <LinearLayout
                    android:orientation="vertical"
                    android:layout_weight="1"
                    android:gravity="center"
                    android:padding="8dp"
                    android:background="#0f3460"
                    android:layout_width="0dp"
                    android:layout_height="wrap_content">
                    <ImageView
                        android:layout_width="25dp"
                        android:layout_height="25dp"
                        android:src="@drawable/pressure"
                        android:tint="@color/white">

                    </ImageView>
                    <Space
                        android:layout_width="wrap_content"
                        android:layout_height="5dp">

                    </Space>
                    <TextView
                        android:textSize="12sp"
                        android:text="Pressure"
                        android:textColor="@color/white"
                        android:layout_width="wrap_content"
                        android:layout_height="wrap_content">

                    </TextView>
                    <TextView
                        android:id="@+id/pressureWeather"
                        android:textSize="14sp"
                        android:text="1026 hPa"
                        android:textColor="@color/white"
                        android:layout_width="wrap_content"
                        android:layout_height="wrap_content">

                    </TextView>
                </LinearLayout>
                <Space
                    android:layout_width="10dp"
                    android:layout_height="wrap_content"></Space>
                <LinearLayout
                    android:orientation="vertical"
                    android:layout_weight="1"
                    android:gravity="center"
                    android:padding="8dp"
                    android:background="#0f3460"
                    android:layout_width="0dp"
                    android:layout_height="wrap_content">
                    <ImageView
                        android:layout_width="25dp"
                        android:layout_height="25dp"
                        android:src="@drawable/humidity"
                        android:tint="@color/white">

                    </ImageView>
                    <Space
                        android:layout_width="wrap_content"
                        android:layout_height="5dp">

                    </Space>
                    <TextView
                        android:textSize="12sp"
                        android:text="Humidity"
                        android:textColor="@color/white"
                        android:layout_width="wrap_content"
                        android:layout_height="wrap_content">

                    </TextView>
                    <TextView
                        android:id="@+id/humidityWeather"
                        android:textSize="14sp"
                        android:text="22%"
                        android:textColor="@color/white"
                        android:layout_width="wrap_content"
                        android:layout_height="wrap_content">

                    </TextView>
                </LinearLayout>
                <Space
                    android:layout_width="10dp"
                    android:layout_height="wrap_content"></Space>
                <LinearLayout
                    android:orientation="vertical"
                    android:layout_weight="1"
                    android:gravity="center"
                    android:padding="8dp"
                    android:background="#0f3460"
                    android:layout_width="0dp"
                    android:layout_height="wrap_content">
                    <ImageView
                        android:layout_width="25dp"
                        android:layout_height="25dp"
                        android:src="@drawable/info"
                        android:tint="@color/white">

                    </ImageView>
                    <Space
                        android:layout_width="wrap_content"
                        android:layout_height="5dp">

                    </Space>
                    <TextView
                        android:textSize="12sp"
                        android:text="Created by"
                        android:textColor="@color/white"
                        android:layout_width="wrap_content"
                        android:layout_height="wrap_content">

                    </TextView>
                    <TextView
                        android:id="@+id/infoWeather"
                        android:textSize="14sp"
                        android:text="KBBQ"
                        android:textColor="@color/white"
                        android:layout_width="wrap_content"
                        android:layout_height="wrap_content">

                    </TextView>
                </LinearLayout>
                <Space
                    android:layout_width="10dp"
                    android:layout_height="wrap_content"></Space>
            </LinearLayout>
        </LinearLayout>
    </RelativeLayout>
    <ProgressBar
        android:id="@+id/loaderWeather"
        android:layout_centerInParent="true"
        android:visibility="gone"
        android:layout_width="wrap_content"
        android:layout_height="wrap_content">

    </ProgressBar>
    <TextView
        android:id="@+id/errorMessageWeather"
        android:layout_centerInParent="true"
        android:visibility="gone"
        android:text="Error."
        android:textColor="@color/white"
        android:layout_width="wrap_content"
        android:layout_height="wrap_content">

    </TextView>
</RelativeLayout>